분류,한국어,틀리게 나오는 한국어,English,틀리게 나오는 영어,Русский,틀리게 나오는 러시아어
기관,순천향대학교,순천양대학교|순천향 대학교|순천양 대학교,Soonchunhyang University,Suncheonhyang University|Sunchonhyang University,Университет Сунчхонхян,
기관,순천향대,순천양대,Soonchunhyang University,Suncheonhyang|Sunchonhyang,Университет Сунчхонхян,
기관,글로컬대학사업단,글로벌대학사업단|글로컬 대학 사업단,Glocal University Project Group,Global University Project Group,Проектная группа «Глокальный университет»,
기관,글로컬대학,글로벌대학|글로컬 대학,Glocal University,Global University,Глокальный университет,
기관,글로컬대학30,글로벌대학30|글로컬대학 삼십,Glocal University 30,Global University 30,Глокальный университет 30,
기관,산학협력교육팀,산학 협력 교육팀,Industry-Academia Cooperation Education Team,,Отдел образования в сотрудничестве с промышленностью,
기관,글로벌커리어지원팀,글로벌 커리어 지원팀,Global Career Support Team,,Отдел поддержки глобальной карьеры,
기관,지산학연병협력팀,지산학연 병 협력팀,Regional-Industry-Academia-Research-Hospital Cooperation Team,,"Отдел сотрудничества региона, промышленности, вузов, НИИ и больниц",
기관,산학협력단,산학 협력단,Industry-Academic Cooperation Foundation,,Фонд сотрудничества вуза и промышленности,
기관,대학원,,Graduate School,,Магистратура и аспирантура,
기관,의과대학,,College of Medicine,,Медицинский колледж,
기관,공과대학,,College of Engineering,,Инженерный колледж,
기관,순천향대학교병원,순천양대학교병원,Soonchunhyang University Hospital,,Больница Университета Сунчхонхян,
기관,한국생산기술연구원,,Korea Institute of Industrial Technology (KITECH),,Корейский институт промышленных технологий (KITECH),
기관,한국산업인력공단,,Human Resources Development Service of Korea (HRD Korea),,Корейская служба развития человеческих ресурсов (HRD Korea),
기관,코트라,,KOTRA,,KOTRA,
기관,교육부,,Ministry of Education,,Министерство образования,
기관,고용노동부,,Ministry of Employment and Labor,,Министерство занятости и труда,
기관,충청남도,,Chungcheongnam-do Province,,провинция Чхунчхон-Намдо,
사업,RISE,라이즈,RISE,,RISE,
사업,RISE 사업,라이즈 사업,RISE Program,,программа RISE,
사업,GII,지아이아이|지 아이 아이,GII,,GII,
사업,I&I,아이앤아이|아이 앤 아이,I&I,,I&I,
사업,글로컬 인사이트 앤 이노베이션,글로벌 인사이트 앤 이노베이션,Glocal Insight & Innovation,Global Insight & Innovation|Global Insight and Innovation,Glocal Insight & Innovation,
사업,K-Move,케이무브|케이 무브|K 무브,K-Move,K Move|Kmove,K-Move,
사업,K-Move 스쿨,케이무브 스쿨|케이 무브 스쿨,K-Move School,,K-Move School,
사업,해외 일경험,해외일 경험,Overseas Work Experience (WELL),,зарубежный опыт работы (WELL),
사업,Beyond Minerva,비욘드 미네르바,Beyond Minerva,,Beyond Minerva,
사업,초격차 교육,초 격차 교육,Super-Gap Education,,образование «суперразрыва»,
사업,스카우트 프로그램,,Scout Program,,программа Scout,
사업,AI의료융합,에이아이 의료융합|AI 의료 융합|에이아이 의료 융합,AI-Medical Convergence,,конвергенция ИИ и медицины,
사업,AI의료융합 스카우트,에이아이 의료융합 스카우트,AI-Medical Convergence Scout,,AI-Medical Convergence Scout,
사업,AI의료융합 프론티어,에이아이 의료융합 프론티어,AI-Medical Convergence Frontier,,AI-Medical Convergence Frontier,
사업,캡스톤디자인,캡스톤 디자인|캡스턴디자인|캡스턴 디자인,Capstone Design,,Capstone Design (капстоун-проект),
사업,해외현장실습,해외 현장 실습,Overseas Field Training,,зарубежная производственная практика,
사업,현장실습,현장 실습,Field Training,,производственная практика,
사업,기업실습,기업 실습,Corporate Internship,,практика на предприятии,
사업,해외취업,해외 취업,Overseas Employment,,трудоустройство за рубежом,
사업,글로벌 인턴십,글로벌 인턴쉽,Global Internship,,глобальная стажировка,
사업,인턴십,인턴쉽,Internship,,стажировка,
사업,다면적 졸업인증제,다면적 졸업 인증제,Multifaceted Graduation Certification,,многоаспектная система сертификации выпускников,
사업,비교과,,Extracurricular Program,,внеучебная программа,
사업,아이디어톤,아이디어 톤,Ideathon,Idea tone|Idea-thon,идеатон,
사업,해커톤,해커 톤,Hackathon,,хакатон,
사업,경진대회,,Competition,,конкурс,
사업,사전교육,사전 교육,Pre-departure Orientation,Pre-education,предотъездная подготовка,
사업,사전안내교육,사전 안내 교육,Pre-departure Orientation,,предотъездный инструктаж,
사업,결과보고서,결과 보고서,Final Report,Result report,итоговый отчёт,
사업,만족도 조사,,Satisfaction Survey,,опрос удовлетворённости,
사업,참가확인서,참가 확인서,Certificate of Participation,,сертификат участника,
사업,수료증,,Certificate of Completion,,сертификат об окончании,
사업,학점 인정,학점인정,Credit Recognition,,зачёт кредитов,
사업,창업,,Startup,,стартап,
사업,메이커스페이스,메이커 스페이스,Makerspace,Maker space,мейкерспейс,
사업,창업보육센터,창업 보육 센터,Business Incubation Center,,бизнес-инкубатор,
분야,사이버보안,사이버 보안,Cybersecurity,Cyber security,кибербезопасность,
분야,디지털 헬스케어,,Digital Healthcare,,цифровое здравоохранение,
분야,의료기기,의료 기기,Medical Devices,,медицинские изделия,
분야,빅데이터,빅 데이터,Big Data,,большие данные,
분야,스마트 팩토리,스마트팩토리,Smart Factory,,умная фабрика,
분야,이커머스,이 커머스,E-commerce,,электронная коммерция,
분야,스마트 무역물류,스마트 무역 물류,Smart Trade and Logistics,,умная торговля и логистика,
분야,지능형 제조공장,지능형 제조 공장,Intelligent Manufacturing Factory,,интеллектуальное производство,
지역,대한민국,,Republic of Korea,,Республика Корея,
지역,아산,,Asan,,Асан,
지역,천안,,Cheonan,,Чхонан,
지역,충남,,Chungnam,,Чхунчхон-Намдо,
지역,몽골,,Mongolia,,Монголия,
지역,울란바토르,울란바타르|울란 바토르,Ulaanbaatar,Ulan Bator,Улан-Батор,
지역,베트남,,Vietnam,,Вьетнам,
지역,호치민,호찌민|호치 민,Ho Chi Minh City,,Хошимин,
지역,하노이,,Hanoi,,Ханой,
지역,필리핀,,Philippines,,Филиппины,
지역,마닐라,,Manila,,Манила,
지역,키르기스스탄,키르기스탄|키르키스스탄,Kyrgyzstan,Kirgizstan,Кыргызстан,Киргизстан
지역,비슈케크,비쉬켁|비슈켁,Bishkek,,Бишкек,
지역,호주,,Australia,,Австралия,
지역,시드니,,Sydney,,Сидней,
지역,말레이시아,,Malaysia,,Малайзия,
지역,쿠알라룸푸르,쿠알라 룸푸르,Kuala Lumpur,,Куала-Лумпур,
지역,우즈베키스탄,우즈벡키스탄,Uzbekistan,,Узбекистан,
지역,카자흐스탄,카자흐 스탄,Kazakhstan,,Казахстан,
지역,인천공항,인천 공항,Incheon Airport,,аэропорт Инчхон,
일반,교직원,,faculty and staff,,преподаватели и сотрудники,
일반,재학생,,enrolled students,,студенты,
일반,유학생,,international students,,иностранные студенты,
일반,협약,,agreement,,соглашение,
일반,업무협약,업무 협약,Memorandum of Understanding (MOU),,меморандум о взаимопонимании (MOU),
일반,MOU,엠오유|엠 오 유,MOU,,MOU,
일반,파견,,dispatch,,направление,
일반,기숙사,,dormitory,,общежитие,
일반,여권,,passport,,паспорт,
일반,비자,,visa,,виза,
일반,항공권,,flight ticket,,авиабилет,
일반,여행자보험,여행자 보험,travel insurance,,туристическая страховка,
일반,질의응답,질의 응답,Q&A,,вопросы и ответы,
